patient_id,y_true,prob_class_0,prob_class_1,prob_class_2
OAS1_0010_MR1,0,0.8128095,0.1871905,
OAS1_0018_MR1,0,0.8432584,0.15674159,
OAS1_0019_MR1,0,0.77453506,0.22546498,
OAS1_0026_MR1,0,0.7985028,0.20149724,
OAS1_0028_MR1,1,0.79059416,0.20940584,
OAS1_0033_MR1,0,0.7922157,0.20778431,
OAS1_0011_MR1,0,0.735879,0.26412097,
OAS1_0013_MR1,0,0.7676211,0.23237891,
OAS1_0030_MR1,0,0.7398417,0.2601583,
OAS1_0031_MR1,1,0.75889295,0.24110703,
OAS1_0034_MR1,0,0.71788245,0.28211755,
OAS1_0001_MR1,0,0.8829639,0.11703614,
OAS1_0002_MR1,0,0.8785515,0.121448584,
OAS1_0020_MR1,0,0.89265877,0.10734127,
OAS1_0032_MR1,0,0.92405957,0.07594045,
OAS1_0035_MR1,1,0.9398532,0.060146783,
